<?xml version="1.0" encoding="utf-8"?>
<!-- BINGIE -->
<window>
    <defaultcontrol always="true">8000</defaultcontrol>
    <onload condition="!String.IsEmpty(Window(Home).Property(ListItem.TVShowID))">ClearProperty(ListItem.TVShowID,Home)</onload>
    <onload condition="Skin.HasSetting(UseBingieInfoDialog) + !String.IsEmpty(ListItem.DBID) + [String.IsEqual(ListItem.DBTYPE,episode) | String.IsEqual(ListItem.Property(DBTYPE),episode)]">RunScript(script.bingie.helper,action=gettvshowid,dbid=$INFO[ListItem.DBID])</onload>
    <onload condition="!String.IsEmpty(Window(Home).Property(BaseWindow))">ClearProperty(BaseWindow,Home)</onload>
    <onload condition="!String.IsEmpty(Window.Property(AdditionalInfo))">ClearProperty(AdditionalInfo,Home)</onload>
	<onload condition="System.HasAlarm(preview_delay)">CancelAlarm(preview_delay,silent)</onload>
	<!-- set trailerplaying property if started directly from PlayMedia command in previous window -->
    <onload condition="$EXP[IsPlayingUnrecognizedContent]">SetProperty(TrailerOnLoad,windowed,Home)</onload>
	<onload condition="$EXP[IsPlayingUnrecognizedContent]">SetProperty(TrailerPlaying,windowed,Home)</onload>
    <!-- checks if TVShow is tagged 'mylist' (workaround for ListItem.Tag working inconsistently with tvshows) -->
    <onload condition="Skin.HasSetting(UseBingieInfoDialog) + !String.IsEmpty(ListItem.DBID) + [String.IsEqual(ListItem.DBTYPE,tvshow) | String.IsEqual(ListItem.DBTYPE,episode)]">RunScript(script.bingie.helper,action=ismylist)</onload>
    <include condition="Skin.HasSetting(UseExtendedInfoDialog)">ExtendedInfo_OnLoad_Action</include>
    <include condition="!Skin.HasSetting(UseExtendedInfoDialog)">NoExtendedInfo_OnLoad_Action</include>

    <onunload condition="!String.IsEmpty(Window(Home).Property(ListItem.TVShowID)) + String.IsEmpty(Window(Home).Property(KeepTVShowID))">ClearProperty(ListItem.TVShowID,Home)</onunload>
    <onunload condition="!String.IsEmpty(Window(Home).Property(IsInMyList))">ClearProperty(IsInMyList,Home)</onunload>
    <onunload condition="!String.IsEmpty(Window(Home).Property(RateTitle))">ClearProperty(RateTitle,Home)</onunload>
    <onunload condition="!String.IsEmpty(Window(Home).Property(RateTitle.Action))">ClearProperty(RateTitle.Action,Home)</onunload>
    <onunload condition="!String.IsEmpty(Window(Home).Property(TrailerPlaying)) + !String.IsEqual(Window(Home).Property(TrailerPlaying),fullscreen) + String.IsEmpty(Window(Home).Property(TrailerOnLoad))">PlayerControl(Stop)</onunload>
    <onunload condition="!String.IsEmpty(Window(Home).Property(TrailerOnLoad))">ClearProperty(TrailerOnLoad,Home)</onunload>

    <controls>
        <include condition="Skin.HasSetting(UseBingieInfoDialog) + !Skin.HasSetting(UseExtendedInfoDialog)">BingieInfo</include>
        <include condition="!Skin.HasSetting(UseBingieInfoDialog) + !Skin.HasSetting(UseExtendedInfoDialog)">TitanInfo</include>
		<include condition="Skin.HasSetting(DebugGrid) | Skin.HasSetting(DebugInfo)">DebugInfo</include>
	</controls>
</window>
