<?xml version="1.0" encoding="utf-8"?>
<!-- BINGIE -->
<window id="1117">
    <defaultcontrol always="true">117</defaultcontrol>
    <include>CustomBingieWinProps</include>
    <include>BingieViews_WindowOpen_Fade</include>
    <onunload condition="$EXP[IsPlayingUnrecognizedContent]">PlayerControl(Stop)</onunload>
    <!--<onunload>ClearProperty(category,Home)</onunload>-->
    <controls>
        <include>GlobalBackground</include>
        <include>NowPlayingBackground</include>
        <include>NowPlayingInfoBar</include>

        <!-- Spotlight Section -->
        <include content="Bingie_Base_BG">
            <param name="visibility" value="!$EXP[IsPlayingRecognizedContent]" />
        </include>
        <include content="Preview_Window">
            <param name="id" value="11701" />
            <param name="visibility" value="$EXP[IsPlayingUnrecognizedContent]" />
        </include>
        <control type="group">
            <width>1920</width>
            <height>600</height>
            <include content="BingieSpotlightCornerImage">
                <param name="visibility" value="!$EXP[IsPlayingRecognizedContent] + !Control.IsVisible(11701)" />
                <param name="image" value="$VAR[bingieThumb]" />
            </include>

            <!-- Details -->
            <control type="grouplist">
                <width>1500</width>
                <include>BingieLeftDefs</include>
                <top>10</top>
                <orientation>vertical</orientation>
                <usecontrolcoords>true</usecontrolcoords>
                <itemgap>10</itemgap>
                <!-- Header -->
                <include content="Bingie_Headline_Item">
                    <param name="id" value="$PARAM[id]0" />
                    <param name="image" value="$VAR[BingieInfoClearlogo]" />
                    <param name="text" value="$VAR[BingieMainFallbackTitle]" />
                </include>
                <!-- Row Details -->
                <control type="group">
                    <width>1000</width>
                    <height>40</height>
					<top>-8</top>
                    <include>Default_Visible_Fade</include>
                    <include>SpotlightRowDetails</include>
                </control>
                <!-- Sublabel -->
                <control type="label" id="823">
                    <visible>!Container.Content(episodes)</visible>
                    <visible>!String.IsEmpty(Control.GetLabel(823))</visible>
                    <top>40</top>
					<height>0</height>
                    <width>820</width>
                    <font>bold29</font> <!--to match netflix-->
                    <align>left</align>
                    <aligny>center</aligny> 
                    <textcolor>white</textcolor> <!--to match netflix-->
                    <label>$VAR[BingieSublabel]</label>
                    <include>Default_Visible_Fade</include>
                </control>
                <!-- Plot -->
                <control type="textbox">
                    <visible>!Container.Content(seasons)</visible>
					<height min="50" max="74">auto</height>	<!--3 lines visible here-->										  
                    <top>25</top>
					<width>850</width>                               <!-- default - 650 -->
                    <textcolor>$VAR[BingiePlotTextColor]</textcolor>
                    <align>left</align>                              <!-- justify -->
                    <font>Reg28</font>					
                    <label>$VAR[ViewsPlotWithOutline]</label>
                    <include>Default_Visible_Fade</include>
					<scroll>false</scroll>
                </control>
                <!-- Additional Info -->
                <include condition="!Skin.HasSetting(DisableBingieMoreDetails)" content="Bingie_Additional_Info">
                    <param name="visibility" value="true" />
                </include>
            </control>
            <!-- Footer -->
            <include condition="!Skin.HasSetting(NoFooterBarOnHome)">Bingie_Footer</include>
        </control>

        <control type="group">
            <include>BingieLeftDefs</include>
            <top>650</top>
            <width>1660</width>
            <!-- Content Header -->
            <control type="textbox">
                <width>100%</width>
                <height>40</height>
                <font>Reg29</font>
                <align>left</align>
                <textcolor>$INFO[Skin.String(ViewDetailsTextColor)]</textcolor>
                <label>[CAPITALIZE][B]$INFO[Window(Home).Property(category)][/B][/CAPITALIZE]</label>
                <visible>!Container(117).IsUpdating | Integer.IsGreater(Container(117).NumItems,0)</visible>
            </control>

            <!-- Container -->
            <include content="Category_Widget" condition="String.IsEqual(Window(Home).Property(category),critically-acclaimed tv shows)">
                <param name="content" value="special://skin/playlists/topratedshows.xsp" />
            </include>

            <include content="Category_Widget" condition="String.IsEqual(Window(Home).Property(category),critically-acclaimed movies)">
                <param name="content" value="special://skin/playlists/topratedmovies.xsp" />
            </include>

            <include content="Category_Widget" condition="String.IsEqual(Window(Home).Property(category),stand-up comedy)">
                <param name="content" value="special://skin/playlists/standup.xsp" />
            </include>

            <include content="Category_Widget" condition="String.IsEqual(Window(Home).Property(category),TV shows)">
                <param name="content" value="videodb://tvshows/titles/" />
                <param name="sortBy" value="dateadded" />
                <param name="sortOrder" value="descending" />
            </include>

            <include content="Category_Widget" condition="String.IsEqual(Window(Home).Property(category),movies)">
                <param name="content" value="videodb://movies/titles/" />
                <param name="sortBy" value="dateadded" />
                <param name="sortOrder" value="descending" />
            </include>

            <include content="Category_Widget" condition="String.IsEqual(Window(Home).Property(category),recently added)">
                <param name="content" value="plugin://script.skin.helper.widgets/?action=recentshowsandmovies&amp;mediatype=media&amp;limit=150&amp;reload=$INFO[Window(Home).Property(widgetreload)]" />
            </include>

            <include content="Category_Widget" condition="String.IsEqual(Window(Home).Property(category),new release)">
                <param name="content" value="plugin://script.skin.helper.widgets/?action=newrelease&amp;mediatype=media&amp;limit=150&amp;reload=$INFO[Window(Home).Property(widgetreload)]" />
            </include>

            <include content="Category_Widget" condition="String.IsEqual(Window(Home).Property(category),popular)">
                <param name="content" value="plugin://script.skin.helper.widgets/?action=popular&amp;mediatype=media&amp;limit=100&amp;reload=$INFO[Window(Home).Property(widgetreload)]" />
            </include>

            <!-- GENRES -->
            <include content="Category_Widget" condition="String.IsEqual(Window(Home).Property(category),drama)">
                <param name="content" value="plugin://script.skin.helper.widgets/?action=forgenre&amp;mediatype=media&amp;genre=drama&amp;limit=100&amp;reload=$INFO[Window(Home).Property(widgetreload)]" />
                <param name="sortBy" value="dateadded" />
                <param name="sortOrder" value="descending" />
            </include>

            <include content="Category_Widget" condition="String.IsEqual(Window(Home).Property(category),crime)">
                <param name="content" value="plugin://script.skin.helper.widgets/?action=forgenre&amp;mediatype=media&amp;genre=crime&amp;limit=100&amp;reload=$INFO[Window(Home).Property(widgetreload)]" />
                <param name="sortBy" value="dateadded" />
                <param name="sortOrder" value="descending" />
            </include>

            <include content="Category_Widget" condition="String.IsEqual(Window(Home).Property(category),thriller)">
                <param name="content" value="plugin://script.skin.helper.widgets/?action=forgenre&amp;mediatype=media&amp;genre=thriller&amp;limit=100&amp;reload=$INFO[Window(Home).Property(widgetreload)]" />
                <param name="sortBy" value="dateadded" />
                <param name="sortOrder" value="descending" />
            </include>

            <include content="Category_Widget" condition="String.IsEqual(Window(Home).Property(category),action)">
                <param name="content" value="plugin://script.skin.helper.widgets/?action=forgenre&amp;mediatype=media&amp;genre=action&amp;limit=100&amp;reload=$INFO[Window(Home).Property(widgetreload)]" />
                <param name="sortBy" value="dateadded" />
                <param name="sortOrder" value="descending" />
            </include>

            <include content="Category_Widget" condition="String.IsEqual(Window(Home).Property(category),comedy)">
                <param name="content" value="plugin://script.skin.helper.widgets/?action=forgenre&amp;mediatype=media&amp;genre=comedy&amp;limit=100&amp;reload=$INFO[Window(Home).Property(widgetreload)]" />
                <param name="sortBy" value="dateadded" />
                <param name="sortOrder" value="descending" />
            </include>

            <include content="Category_Widget" condition="String.IsEqual(Window(Home).Property(category),adventure)">
                <param name="content" value="plugin://script.skin.helper.widgets/?action=forgenre&amp;mediatype=media&amp;genre=adventure&amp;limit=100&amp;reload=$INFO[Window(Home).Property(widgetreload)]" />
                <param name="sortBy" value="dateadded" />
                <param name="sortOrder" value="descending" />
            </include>

            <include content="Category_Widget" condition="String.IsEqual(Window(Home).Property(category),western)">
                <param name="content" value="plugin://script.skin.helper.widgets/?action=forgenre&amp;mediatype=media&amp;genre=western&amp;limit=100&amp;reload=$INFO[Window(Home).Property(widgetreload)]" />
                <param name="sortBy" value="dateadded" />
                <param name="sortOrder" value="descending" />
            </include>

            <include content="Category_Widget" condition="String.IsEqual(Window(Home).Property(category),horror)">
                <param name="content" value="plugin://script.skin.helper.widgets/?action=forgenre&amp;mediatype=media&amp;genre=horror&amp;limit=100&amp;reload=$INFO[Window(Home).Property(widgetreload)]" />
                <param name="sortBy" value="dateadded" />
                <param name="sortOrder" value="descending" />
            </include>

            <include content="Category_Widget" condition="String.IsEqual(Window(Home).Property(category),science fiction)">
                <param name="content" value="plugin://script.skin.helper.widgets/?action=forgenre&amp;mediatype=media&amp;genre=science fiction&amp;limit=100&amp;reload=$INFO[Window(Home).Property(widgetreload)]" />
                <param name="sortBy" value="dateadded" />
                <param name="sortOrder" value="descending" />
            </include>

            <include content="Category_Widget" condition="String.IsEqual(Window(Home).Property(category),family)">
                <param name="content" value="plugin://script.skin.helper.widgets/?action=forgenre&amp;mediatype=media&amp;genre=family&amp;limit=100&amp;reload=$INFO[Window(Home).Property(widgetreload)]" />
                <param name="sortBy" value="dateadded" />
                <param name="sortOrder" value="descending" />
            </include>

            <include content="Category_Widget" condition="String.IsEqual(Window(Home).Property(category),animation)">
                <param name="content" value="plugin://script.skin.helper.widgets/?action=forgenre&amp;mediatype=media&amp;genre=animation&amp;limit=100&amp;reload=$INFO[Window(Home).Property(widgetreload)]" />
                <param name="sortBy" value="dateadded" />
                <param name="sortOrder" value="descending" />
            </include>

            <include content="Category_Widget" condition="String.IsEqual(Window(Home).Property(category),mystery)">
                <param name="content" value="plugin://script.skin.helper.widgets/?action=forgenre&amp;mediatype=media&amp;genre=mystery&amp;limit=100&amp;reload=$INFO[Window(Home).Property(widgetreload)]" />
                <param name="sortBy" value="dateadded" />
                <param name="sortOrder" value="descending" />
            </include>

            <include content="Category_Widget" condition="String.IsEqual(Window(Home).Property(category),romance)">
                <param name="content" value="plugin://script.skin.helper.widgets/?action=forgenre&amp;mediatype=media&amp;genre=romance&amp;limit=100&amp;reload=$INFO[Window(Home).Property(widgetreload)]" />
                <param name="sortBy" value="dateadded" />
                <param name="sortOrder" value="descending" />
            </include>

            <include content="Category_Widget" condition="String.IsEqual(Window(Home).Property(category),documentary)">
                <param name="content" value="plugin://script.skin.helper.widgets/?action=forgenre&amp;mediatype=media&amp;genre=documentary&amp;limit=100&amp;reload=$INFO[Window(Home).Property(widgetreload)]" />
                <param name="sortBy" value="dateadded" />
                <param name="sortOrder" value="descending" />
            </include>

            <include content="Category_Widget" condition="String.IsEqual(Window(Home).Property(category),fantasy)">
                <param name="content" value="plugin://script.skin.helper.widgets/?action=forgenre&amp;mediatype=media&amp;genre=fantasy&amp;limit=100&amp;reload=$INFO[Window(Home).Property(widgetreload)]" />
                <param name="sortBy" value="dateadded" />
                <param name="sortOrder" value="descending" />
            </include>


            <!-- Empty Category -->
            <control type="label">
                <top>40</top>
                <width>auto</width>
                <height>100</height>
                <font>Reg42</font>
                <align>center</align>
                <aligny>top</aligny>
                <wrapmultiline>true</wrapmultiline>
                <textcolor>$INFO[Skin.String(BingieSecondaryTextColor)]</textcolor>
                <label>$LOCALIZE[31064]</label>
                <visible>!Container(117).IsUpdating + !Integer.IsGreater(Container(117).NumItems,0)</visible>
            </control>
            <!-- Back Arrow -->
            <control type="image">
                <left>-60</left>
                <top>95</top>
                <width>60</width>
                <height>85</height>
                <texture background="true">bingie/back_arrow.png</texture>
                <colordiffuse>$INFO[Skin.String(BingiePrimaryTextColor)]</colordiffuse>
                <visible>Integer.IsGreater(Container(117).NumItems,0) | !Container(117).IsUpdating</visible>
            </control>
            <!-- Fixed Frame -->
            <include content="Bingie_Main_View_Fixed_Frame" condition="Skin.HasSetting(EnableFixedFrameWidgets)">
                <param name="containerid" value="117" />
                <param name="top" value="40" />
                <param name="width" value="332" />
                <param name="height" value="195" />
                <param name="texture" value="$INFO[Skin.String(thumbsborder_focused),bingie/border/thumb_fo_,.png]" />
                <param name="xAxisAnim" value="332" />
            </include>
        </control>

        <!-- scrollbar -->
        <control type="group">
            <control type="scrollbar" id="60">
                <visible>Control.IsVisible(117) + Integer.IsGreater(Container.NumItems,0)</visible>
                <top>710</top>
                <width>8</width>
                <right>3</right>
                <bottom>15</bottom>
                <onleft>117</onleft>
                <orientation>vertical</orientation>
                <animation effect="fade" start="0" end="100" time="400" condition="[Control.HasFocus(60) | Skin.HasSetting(EnableTouchSupport) | Container.Scrolling | Skin.HasSetting(alwaysShowScrollbars)]">Conditional</animation>
                <animation effect="fade" start="100" end="0" time="400" condition="![Control.HasFocus(60) | Skin.HasSetting(EnableTouchSupport) | Container.Scrolling | Skin.HasSetting(alwaysShowScrollbars)]">Conditional</animation>
            </control>
        </control>

        <!-- Loading Spinner -->
        <include content="Busy_Spinner">
            <param name="centerleft" value="50%"/>
            <param name="centertop" value="50%"/>
            <param name="visibility" value="Container(117).IsUpdating + !Integer.IsGreater(Container(117).NumItems,0)"/>
            <param name="size" value="100"/>
        </include>
    </controls>
</window>
