<?xml version="1.0" encoding="utf-8"?>
<!-- BINGIE -->
<includes>
    <include name="View_55_BannerList">

        <!--View 55-->
        <control type="group">
            <visible>Control.IsVisible(55)</visible>
            <include>animation_view_change</include>
            <include>MovieDetailsLeft</include>
<!-- Fanart Image Added-->
            <control type="multiimage">
                <include>FullscreenDimensions</include>
                <texture border="15">diffuse/bgpanel.png</texture>
			    <colordiffuse>21ffffff</colordiffuse>
				<imagepath background="true">$VAR[backgroundVar]</imagepath>
                <aspectratio>scale</aspectratio>
                <bottom>120</bottom>                      <!-- Used for Bottom Footer -->
			    <fadetime>350</fadetime>
                <include>fanartSpeed</include>
                <randomize>true</randomize>
            </control>
			
			<!-- ID="52" -->
            <control type="panel" id="55">
                <animation effect="slide" end="-645" time="250" condition="Skin.HasSetting(View55_ShowInfoRight)">Conditional</animation>
                <right>40</right>
				<bottom>13%</bottom>
                <height>738</height>
				<width>1190</width>
                <onup>55</onup>
                <ondown>55</ondown>
                <onleft>9000</onleft>
                <onright condition="Skin.HasSetting(EnableQuickJump)">6000</onright>
                <onright condition="!Skin.HasSetting(EnableQuickJump)">60</onright>
                <pagecontrol>60</pagecontrol>
                <viewtype label="31424">bigwide</viewtype>
                <include content="View_Forced">
                    <param name="viewtype" value="$LOCALIZE[31424]" />
                </include>
                <scrolltime tween="Cubic" easing="inout">500</scrolltime>
                <focusposition>0</focusposition>
                <orientation>vertical</orientation>
                <preloaditems>4</preloaditems>
                <animation effect="slide" start="0" end="-20" time="0" condition="Skin.HasTheme(classic)">Conditional</animation>
                <itemlayout height="123" width="595" condition="!Skin.HasSetting(View55_LargeBanners)">
                    <control type="group">
                        <width>585</width>
                        <height>119</height>
                        <control type="image">
                            <texture border="5">diffuse/banner.png</texture>
                            <colordiffuse>$VAR[ViewDetailsPanelColor]</colordiffuse>
                            <aspectratio scalediffuse="false" align="left">stretch</aspectratio>
                            <include>thumbsborder_unfocused</include>
                        </control>
                        <include>BannerLayout</include>
					</control>
                </itemlayout>
                <focusedlayout height="123" width="595" condition="!Skin.HasSetting(View55_LargeBanners)">
                    <control type="group">
                        <width>585</width>
                        <height>119</height>
                        <control type="image">
                            <texture border="5">diffuse/banner.png</texture>
                            <colordiffuse>$VAR[ViewDetailsBorderFocusColor]</colordiffuse>
                            <aspectratio scalediffuse="false" align="left">stretch</aspectratio>
                            <include>thumbsborder_focused</include>
                        </control>
                        <include>BannerLayout</include>
                        <include content="LibraryAutoTrailerButton" condition="Skin.HasSetting(DetailsAutoTrailer)">
                            <param name="interval" value="$INFO[Skin.String(details_auto_trailer_interval)]" />
                        </include>
					</control>
                </focusedlayout>
                <itemlayout height="246" width="1190" condition="Skin.HasSetting(View55_LargeBanners)">
                    <control type="group">
                        <width>1190</width>
                        <height>238</height>
                        <control type="image">
                            <texture border="5">diffuse/banner.png</texture>
                            <colordiffuse>$VAR[ViewDetailsPanelColor]</colordiffuse>
                            <aspectratio scalediffuse="false" align="left">stretch</aspectratio>
                            <include>thumbsborder_unfocused</include>
                        </control>
                        <include>BannerLayout</include>
					</control>
                </itemlayout>
                <focusedlayout height="246" width="1190" condition="Skin.HasSetting(View55_LargeBanners)">
                    <control type="group">
                        <width>1190</width>
                        <height>238</height>
                        <control type="image">
                            <texture border="5">diffuse/banner.png</texture>
                            <colordiffuse>$VAR[ViewDetailsBorderFocusColor]</colordiffuse>
                            <aspectratio scalediffuse="false" align="left">stretch</aspectratio>
                            <include>thumbsborder_focused</include>
                        </control>
                        <include>BannerLayout</include>
                        <include content="LibraryAutoTrailerButton" condition="Skin.HasSetting(DetailsAutoTrailer)">
                            <param name="interval" value="$INFO[Skin.String(details_auto_trailer_interval)]" />
                        </include>
					</control>
                </focusedlayout>
     			</control>
 			<!--vertical Scollbar-->
			<control type="scrollbar" id="60">
				<visible>Control.IsVisible(55) + Integer.IsGreater(Container.NumItems,0)</visible>
				<right>15</right>
				<bottom>13%</bottom>
                <height>736</height>
				<onup>60</onup>
				<ondown>6000</ondown>
				<onleft>55</onleft>
				<animation effect="fade" start="0" end="100" time="400" condition="[Control.HasFocus(60) | Skin.HasSetting(EnableTouchSupport) | Container.Scrolling | Skin.HasSetting(alwaysShowScrollbars)] + !Control.IsVisible(6002)">Conditional</animation>
				<animation effect="fade" start="100" end="0" time="400" condition="![Control.HasFocus(60) | Skin.HasSetting(EnableTouchSupport) | Container.Scrolling | Skin.HasSetting(alwaysShowScrollbars)] | Control.IsVisible(6002)">Conditional</animation>
			</control>
    
		</control>
		
	
		
	</include>
</includes>